{
    "warps": [
        {
            "adaptive": true,
            "blend": {
                "edges": "0, 0, 0, 0",
                "exponent": 2.0,
                "gamma": "1, 1, 1",
                "luminance": "0.5, 0.5, 0.5"
            },
            "brightness": 1.0,
            "corners": [
                "0.00560099, 0.06658",
                "0.188625, 0.18444",
                "0.186654, 0.958453",
                "0.0002666, 0.900962"
            ],
            "linear": false,
            "resolution": 16,
            "type": 3,
            "warp": {
                "columns": 2,
                "control points": [
                    "0, 0",
                    "0, 1",
                    "1, 0",
                    "1, 1"
                ],
                "rows": 2
            }
        },
        {
            "adaptive": true,
            "blend": {
                "edges": "0, 0, 0, 0",
                "exponent": 2.0,
                "gamma": "1, 1, 1",
                "luminance": "0.5, 0.5, 0.5"
            },
            "brightness": 1.0,
            "corners": [
                "0.535862, 0.211837",
                "0.669242, 0.264235",
                "0.666529, 0.827621",
                "0.542885, 0.82449"
            ],
            "linear": false,
            "resolution": 16,
            "type": 3,
            "warp": {
                "columns": 2,
                "control points": [
                    "0, 0",
                    "0, 1",
                    "1, 0",
                    "1, 1"
                ],
                "rows": 2
            }
        },
        {
            "adaptive": true,
            "blend": {
                "edges": "0, 0, 0, 0",
                "exponent": 2.0,
                "gamma": "1, 1, 1",
                "luminance": "0.5, 0.5, 0.5"
            },
            "brightness": 1.0,
            "corners": [
                "0.252125, 0.00480471",
                "0.481331, 0.001368",
                "0.481059, 0.846122",
                "0.256533, 0.914281"
            ],
            "linear": false,
            "resolution": 16,
            "type": 3,
            "warp": {
                "columns": 2,
                "control points": [
                    "0, 0",
                    "0, 1",
                    "1, 0",
                    "1, 1"
                ],
                "rows": 2
            }
        },
        {
            "adaptive": true,
            "blend": {
                "edges": "0, 0, 0, 0",
                "exponent": 2.0,
                "gamma": "1, 1, 1",
                "luminance": "0.5, 0.5, 0.5"
            },
            "brightness": 1.0,
            "corners": [
                "0.76949, 0.0133316",
                "0.992346, 0.00699298",
                "0.997919, 0.842332",
                "0.768306, 0.876166"
            ],
            "linear": false,
            "resolution": 16,
            "type": 3,
            "warp": {
                "columns": 2,
                "control points": [
                    "0, 0",
                    "0, 1",
                    "1, 0",
                    "1, 1"
                ],
                "rows": 2
            }
        }
    ]
}