{"warps":[{"adaptive":true,"blend":{"edges":"0, 0, 0, 0","exponent":2.0,"gamma":"0.00392157, 0.00392157, 0.00392157","luminance":"0.00392157, 0.00392157, 0.00392157"},"brightness":0.8877000212669373,"corners":["0.335759, 0.64279","0.576403, 0.6164","0.576923, 0.982092","0.321726, 0.9623"],"linear":false,"resolution":16,"type":3,"warp":{"columns":2,"control points":["0, 0","0, 1","1, 0","1, 1"],"rows":2}},{"adaptive":true,"blend":{"edges":"0, 0, 0, 0","exponent":2.0,"gamma":"0.00392157, 0.00392157, 0.00392157","luminance":"0.00392157, 0.00392157, 0.00392157"},"brightness":0.8877000212669373,"corners":["0.622661, 0.0885957","0.85447, 0.191329","0.873701, 0.749293","0.606029, 0.598492"],"linear":false,"resolution":16,"type":3,"warp":{"columns":2,"control points":["0, 0","0, 1","1, 0","1, 1"],"rows":2}},{"adaptive":true,"blend":{"edges":"0, 0, 0, 0","exponent":2.0,"gamma":"0.00392157, 0.00392157, 0.00392157","luminance":"0.00392157, 0.00392157, 0.00392157"},"brightness":0.8877000212669373,"corners":["0.0743243, 0.170594","0.308732, 0.0772856","0.300416, 0.615457","0.0660083, 0.721018"],"linear":false,"resolution":16,"type":3,"warp":{"columns":2,"control points":["0, 0","0, 1","1, 0","1, 1"],"rows":2}},{"adaptive":true,"blend":{"edges":"0, 0, 0, 0","exponent":2.0,"gamma":"0.00392157, 0.00392157, 0.00392157","luminance":"0.00392157, 0.00392157, 0.00392157"},"brightness":0.8877000212669373,"corners":["0.339397, 0.0772856","0.593555, 0.0754006","0.577443, 0.585297","0.33368, 0.613572"],"linear":false,"resolution":16,"type":3,"warp":{"columns":2,"control points":["0, 0","0, 1","1, 0","1, 1"],"rows":2}}]}