{
    "warps": [
        {
            "adaptive": true,
            "blend": {
                "edges": "0, 0, 0, 0",
                "exponent": 2.0,
                "gamma": "0.00392157, 0.00392157, 0.00392157",
                "luminance": "0.00392157, 0.00392157, 0.00392157"
            },
            "brightness": 0.8877000212669373,
            "corners": [
                "0, 0",
                "0.25, 0",
                "0.25, 1",
                "0, 1"
            ],
            "linear": false,
            "resolution": 16,
            "type": 3,
            "warp": {
                "columns": 2,
                "control points": [
                    "0, 0",
                    "0, 1",
                    "1, 0",
                    "1, 1"
                ],
                "rows": 2
            }
        },
        {
            "adaptive": true,
            "blend": {
                "edges": "0, 0, 0, 0",
                "exponent": 2.0,
                "gamma": "0.00392157, 0.00392157, 0.00392157",
                "luminance": "0.00392157, 0.00392157, 0.00392157"
            },
            "brightness": 0.8877000212669373,
            "corners": [
                "0.25, 0",
                "0.5, 0",
                "0.5, 1",
                "0.25, 1"
            ],
            "linear": false,
            "resolution": 16,
            "type": 3,
            "warp": {
                "columns": 2,
                "control points": [
                    "0, 0",
                    "0, 1",
                    "1, 0",
                    "1, 1"
                ],
                "rows": 2
            }
        },
        {
            "adaptive": true,
            "blend": {
                "edges": "0, 0, 0, 0",
                "exponent": 2.0,
                "gamma": "0.00392157, 0.00392157, 0.00392157",
                "luminance": "0.00392157, 0.00392157, 0.00392157"
            },
            "brightness": 0.8877000212669373,
            "corners": [
                "0.5, 0",
                "0.75, 0",
                "0.75, 1",
                "0.5, 1"
            ],
            "linear": false,
            "resolution": 16,
            "type": 3,
            "warp": {
                "columns": 2,
                "control points": [
                    "0, 0",
                    "0, 1",
                    "1, 0",
                    "1, 1"
                ],
                "rows": 2
            }
        },
        {
            "adaptive": true,
            "blend": {
                "edges": "0, 0, 0, 0",
                "exponent": 2.0,
                "gamma": "0.00392157, 0.00392157, 0.00392157",
                "luminance": "0.00392157, 0.00392157, 0.00392157"
            },
            "brightness": 0.8877000212669373,
            "corners": [
                "0.75, 0",
                "1, 0",
                "1, 1",
                "0.75, 1"
            ],
            "linear": false,
            "resolution": 16,
            "type": 3,
            "warp": {
                "columns": 2,
                "control points": [
                    "0, 0",
                    "0, 1",
                    "1, 0",
                    "1, 1"
                ],
                "rows": 2
            }
        }
    ]
}