{
    "warps": [
        {
            "adaptive": true,
            "blend": {
                "edges": "0, 0, 0, 0",
                "exponent": 2.0,
                "gamma": "1, 1, 1",
                "luminance": "0.5, 0.5, 0.5"
            },
            "brightness": 0.6428571343421936,
            "corners": [
                "0.0158447, 0.45043",
                "0.260298, 0.448791",
                "0.255545, 0.87554",
                "0.0145774, 0.873665"
            ],
            "linear": false,
            "resolution": 16,
            "type": 3,
            "warp": {
                "columns": 2,
                "control points": [
                    "0, 0",
                    "0, 1",
                    "1, 0",
                    "1, 1"
                ],
                "rows": 2
            }
        },
        {
            "adaptive": true,
            "blend": {
                "edges": "0, 0, 0, 0",
                "exponent": 2.0,
                "gamma": "1, 1, 1",
                "luminance": "0.5, 0.5, 0.5"
            },
            "brightness": 1.0,
            "corners": [
                "0.267698, 0.450951",
                "0.502539, 0.453522",
                "0.500356, 0.87391",
                "0.26536, 0.874222"
            ],
            "linear": false,
            "resolution": 16,
            "type": 3,
            "warp": {
                "columns": 2,
                "control points": [
                    "0, 0",
                    "0, 1",
                    "1, 0",
                    "1, 1"
                ],
                "rows": 2
            }
        },
        {
            "adaptive": true,
            "blend": {
                "edges": "0, 0, 0, 0",
                "exponent": 2.0,
                "gamma": "1, 1, 1",
                "luminance": "0.5, 0.5, 0.5"
            },
            "brightness": 1.0,
            "corners": [
                "0.509938, 0.453322",
                "0.729024, 0.454641",
                "0.727307, 0.868376",
                "0.505642, 0.871208"
            ],
            "linear": false,
            "resolution": 16,
            "type": 3,
            "warp": {
                "columns": 2,
                "control points": [
                    "0, 0",
                    "0, 1",
                    "1, 0",
                    "1, 1"
                ],
                "rows": 2
            }
        },
        {
            "adaptive": true,
            "blend": {
                "edges": "0, 0, 0, 0",
                "exponent": 2.2193877696990967,
                "gamma": "1, 1, 1",
                "luminance": "0.5, 0.5, 0.5"
            },
            "brightness": 1.0,
            "corners": [
                "0.737374, 0.453624",
                "0.990359, 0.452555",
                "0.988936, 0.869093",
                "0.736071, 0.87061"
            ],
            "linear": false,
            "resolution": 16,
            "type": 3,
            "warp": {
                "columns": 2,
                "control points": [
                    "0, 0",
                    "0, 1",
                    "1, 0",
                    "1, 1"
                ],
                "rows": 2
            }
        }
    ]
}