{
    "warps": [
        {
            "adaptive": true,
            "blend": {
                "edges": "0, 0, 0, 0",
                "exponent": 2.0,
                "gamma": "1, 1, 1",
                "luminance": "0.5, 0.5, 0.5"
            },
            "brightness": 1.0,
            "corners": [
                "0.0158998, 0.202569",
                "0.372959, 0.202409",
                "0.382953, 0.546177",
                "0.0203817, 0.601675"
            ],
            "linear": false,
            "resolution": 16,
            "type": 3,
            "warp": {
                "columns": 2,
                "control points": [
                    "0, 0",
                    "0, 1",
                    "1, 0",
                    "1, 1"
                ],
                "rows": 2
            }
        },
        {
            "adaptive": true,
            "blend": {
                "edges": "0, 0, 0, 0",
                "exponent": 2.0,
                "gamma": "1, 1, 1",
                "luminance": "0.5, 0.5, 0.5"
            },
            "brightness": 1.0,
            "corners": [
                "0.522385, 0.551216",
                "0.874551, 0.544234",
                "0.872374, 0.971502",
                "0.51489, 0.968577"
            ],
            "linear": false,
            "resolution": 16,
            "type": 3,
            "warp": {
                "columns": 2,
                "control points": [
                    "0, 0",
                    "0, 1",
                    "1, 0",
                    "1, 1"
                ],
                "rows": 2
            }
        },
        {
            "adaptive": true,
            "blend": {
                "edges": "0, 0, 0, 0",
                "exponent": 2.0,
                "gamma": "1, 1, 1",
                "luminance": "0.5, 0.5, 0.5"
            },
            "brightness": 1.0,
            "corners": [
                "0.42006, 0.155812",
                "0.751688, 0.156022",
                "0.755069, 0.486744",
                "0.425407, 0.501186"
            ],
            "linear": false,
            "resolution": 16,
            "type": 3,
            "warp": {
                "columns": 2,
                "control points": [
                    "0, 0",
                    "0, 1",
                    "1, 0",
                    "1, 1"
                ],
                "rows": 2
            }
        },
        {
            "adaptive": true,
            "blend": {
                "edges": "0, 0, 0, 0",
                "exponent": 2.2193877696990967,
                "gamma": "1, 1, 1",
                "luminance": "0.5, 0.5, 0.5"
            },
            "brightness": 1.0,
            "corners": [
                "0.238202, 0.585261",
                "0.506411, 0.553902",
                "0.49689, 0.962242",
                "0.153465, 0.959111"
            ],
            "linear": false,
            "resolution": 16,
            "type": 3,
            "warp": {
                "columns": 2,
                "control points": [
                    "0, 0",
                    "0, 1",
                    "1, 0",
                    "1, 1"
                ],
                "rows": 2
            }
        }
    ]
}